<metadata xml:lang="en"><Esri><CreaDate>20121029</CreaDate><CreaTime>00083300</CreaTime><ArcGISFormat>1.0</ArcGISFormat><SyncOnce>FALSE</SyncOnce><DataProperties><itemProps><itemName Sync="TRUE">Roadways</itemName><imsContentType Sync="TRUE">002</imsContentType><itemLocation><linkage Sync="TRUE">file://\\PC122401\cdrive\OpenData\Roads\September2012\ShapeFiles\Roadways.shp</linkage><protocol Sync="TRUE">Local Area Network</protocol></itemLocation><itemSize Sync="TRUE">0.000</itemSize></itemProps><coordRef><type Sync="TRUE">Projected</type><geogcsn Sync="TRUE">GCS_North_American_1983</geogcsn><csUnits Sync="TRUE">Linear Unit: Meter (1.000000)</csUnits><projcsn Sync="TRUE">City of Ottawa</projcsn><peXml Sync="TRUE">&lt;ProjectedCoordinateSystem xsi:type='typens:ProjectedCoordinateSystem' xmlns:xsi='http://www.w3.org/2001/XMLSchema-instance' xmlns:xs='http://www.w3.org/2001/XMLSchema' xmlns:typens='http://www.esri.com/schemas/ArcGIS/10.0'&gt;&lt;WKT&gt;PROJCS[&amp;quot;City of Ottawa&amp;quot;,GEOGCS[&amp;quot;GCS_North_American_1983&amp;quot;,DATUM[&amp;quot;D_North_American_1983&amp;quot;,SPHEROID[&amp;quot;GRS_1980&amp;quot;,6378137.0,298.257222101]],PRIMEM[&amp;quot;Greenwich&amp;quot;,0.0],UNIT[&amp;quot;Degree&amp;quot;,0.01745329251994328]],PROJECTION[&amp;quot;Transverse_Mercator&amp;quot;],PARAMETER[&amp;quot;False_Easting&amp;quot;,304800.0],PARAMETER[&amp;quot;False_Northing&amp;quot;,0.0],PARAMETER[&amp;quot;Central_Meridian&amp;quot;,-76.5],PARAMETER[&amp;quot;Scale_Factor&amp;quot;,0.9999],PARAMETER[&amp;quot;Latitude_Of_Origin&amp;quot;,0.0],UNIT[&amp;quot;Meter&amp;quot;,1.0]]&lt;/WKT&gt;&lt;XOrigin&gt;-5317800&lt;/XOrigin&gt;&lt;YOrigin&gt;-10001100&lt;/YOrigin&gt;&lt;XYScale&gt;450310428.58990461&lt;/XYScale&gt;&lt;ZOrigin&gt;-100000&lt;/ZOrigin&gt;&lt;ZScale&gt;10000&lt;/ZScale&gt;&lt;MOrigin&gt;-100000&lt;/MOrigin&gt;&lt;MScale&gt;10000&lt;/MScale&gt;&lt;XYTolerance&gt;0.001&lt;/XYTolerance&gt;&lt;ZTolerance&gt;0.001&lt;/ZTolerance&gt;&lt;MTolerance&gt;0.001&lt;/MTolerance&gt;&lt;HighPrecision&gt;true&lt;/HighPrecision&gt;&lt;/ProjectedCoordinateSystem&gt;</peXml></coordRef><lineage><Process ToolSource="D:\Program Files (x86)\ArcGIS\Desktop10.0\ArcToolbox\Toolboxes\Conversion Tools.tbx\FeatureClassToFeatureClass" Date="20121029" Time="000912">FeatureClassToFeatureClass c:/windows/temp/mapdmp2_mapdx_Oct_29_2012_00_08_20_6160.sde/MAPDX.DX_RDSEG_OPERATIONAL c:/Windows/Temp/egisvp1_gisadm_Oct_29_2012_00_08_24_6160.sde DX_RDSEG_OPERATIONAL_TMP # "FEAT_CODE "FEAT_CODE" true false false 12 Text 0 0 ,First,#,c:/windows/temp/mapdmp2_mapdx_Oct_29_2012_00_08_20_6160.sde/MAPDX.DX_RDSEG_OPERATIONAL,FEAT_CODE,-1,-1;RT_SEGMENT_ID "RT_SEGMENT_ID" true false false 8 Text 0 0 ,First,#,c:/windows/temp/mapdmp2_mapdx_Oct_29_2012_00_08_20_6160.sde/MAPDX.DX_RDSEG_OPERATIONAL,RT_SEGMENT_ID,-1,-1;RT_TRANSP_SEGMENT_ID "RT_TRANSP_SEGMENT_ID" true true false 8 Text 0 0 ,First,#,c:/windows/temp/mapdmp2_mapdx_Oct_29_2012_00_08_20_6160.sde/MAPDX.DX_RDSEG_OPERATIONAL,RT_TRANSP_SEGMENT_ID,-1,-1;RT_ROAD_NAME_ID "RT_ROAD_NAME_ID" true true false 8 Text 0 0 ,First,#,c:/windows/temp/mapdmp2_mapdx_Oct_29_2012_00_08_20_6160.sde/MAPDX.DX_RDSEG_OPERATIONAL,RT_ROAD_NAME_ID,-1,-1;RD_NAME "RD_NAME" true true false 25 Text 0 0 ,First,#,c:/windows/temp/mapdmp2_mapdx_Oct_29_2012_00_08_20_6160.sde/MAPDX.DX_RDSEG_OPERATIONAL,RD_NAME,-1,-1;RD_SUFFIX "RD_SUFFIX" true true false 5 Text 0 0 ,First,#,c:/windows/temp/mapdmp2_mapdx_Oct_29_2012_00_08_20_6160.sde/MAPDX.DX_RDSEG_OPERATIONAL,RD_SUFFIX,-1,-1;RD_DIRECTION "RD_DIRECTION" true true false 2 Text 0 0 ,First,#,c:/windows/temp/mapdmp2_mapdx_Oct_29_2012_00_08_20_6160.sde/MAPDX.DX_RDSEG_OPERATIONAL,RD_DIRECTION,-1,-1;ROAD_NAME_FULL "ROAD_NAME_FULL" true true false 34 Text 0 0 ,First,#,c:/windows/temp/mapdmp2_mapdx_Oct_29_2012_00_08_20_6160.sde/MAPDX.DX_RDSEG_OPERATIONAL,ROAD_NAME_FULL,-1,-1;FROM_ST_NAME "FROM_ST_NAME" true true false 50 Text 0 0 ,First,#,c:/windows/temp/mapdmp2_mapdx_Oct_29_2012_00_08_20_6160.sde/MAPDX.DX_RDSEG_OPERATIONAL,FROM_ST_NAME,-1,-1;FROM_NODE_NO "FROM_NODE_NO" true true false 10 Text 0 0 ,First,#,c:/windows/temp/mapdmp2_mapdx_Oct_29_2012_00_08_20_6160.sde/MAPDX.DX_RDSEG_OPERATIONAL,FROM_NODE_NO,-1,-1;FROM_SEG_NO "FROM_SEG_NO" true true false 10 Text 0 0 ,First,#,c:/windows/temp/mapdmp2_mapdx_Oct_29_2012_00_08_20_6160.sde/MAPDX.DX_RDSEG_OPERATIONAL,FROM_SEG_NO,-1,-1;FROM_ST_ID "FROM_ST_ID" true true false 10 Text 0 0 ,First,#,c:/windows/temp/mapdmp2_mapdx_Oct_29_2012_00_08_20_6160.sde/MAPDX.DX_RDSEG_OPERATIONAL,FROM_ST_ID,-1,-1;TO_ST_NAME "TO_ST_NAME" true true false 50 Text 0 0 ,First,#,c:/windows/temp/mapdmp2_mapdx_Oct_29_2012_00_08_20_6160.sde/MAPDX.DX_RDSEG_OPERATIONAL,TO_ST_NAME,-1,-1;TO_NODE_NO "TO_NODE_NO" true true false 10 Text 0 0 ,First,#,c:/windows/temp/mapdmp2_mapdx_Oct_29_2012_00_08_20_6160.sde/MAPDX.DX_RDSEG_OPERATIONAL,TO_NODE_NO,-1,-1;TO_SEG_NO "TO_SEG_NO" true true false 10 Text 0 0 ,First,#,c:/windows/temp/mapdmp2_mapdx_Oct_29_2012_00_08_20_6160.sde/MAPDX.DX_RDSEG_OPERATIONAL,TO_SEG_NO,-1,-1;TO_ST_ID "TO_ST_ID" true true false 10 Text 0 0 ,First,#,c:/windows/temp/mapdmp2_mapdx_Oct_29_2012_00_08_20_6160.sde/MAPDX.DX_RDSEG_OPERATIONAL,TO_ST_ID,-1,-1;LEFT_FROM "LEFT_FROM" true true false 5 Text 0 0 ,First,#,c:/windows/temp/mapdmp2_mapdx_Oct_29_2012_00_08_20_6160.sde/MAPDX.DX_RDSEG_OPERATIONAL,LEFT_FROM,-1,-1;LEFT_TO "LEFT_TO" true true false 5 Text 0 0 ,First,#,c:/windows/temp/mapdmp2_mapdx_Oct_29_2012_00_08_20_6160.sde/MAPDX.DX_RDSEG_OPERATIONAL,LEFT_TO,-1,-1;RIGHT_FROM "RIGHT_FROM" true true false 5 Text 0 0 ,First,#,c:/windows/temp/mapdmp2_mapdx_Oct_29_2012_00_08_20_6160.sde/MAPDX.DX_RDSEG_OPERATIONAL,RIGHT_FROM,-1,-1;RIGHT_TO "RIGHT_TO" true true false 5 Text 0 0 ,First,#,c:/windows/temp/mapdmp2_mapdx_Oct_29_2012_00_08_20_6160.sde/MAPDX.DX_RDSEG_OPERATIONAL,RIGHT_TO,-1,-1;OWNERSHIP "OWNERSHIP" true true false 20 Text 0 0 ,First,#,c:/windows/temp/mapdmp2_mapdx_Oct_29_2012_00_08_20_6160.sde/MAPDX.DX_RDSEG_OPERATIONAL,OWNERSHIP,-1,-1;STATUS "STATUS" true true false 20 Text 0 0 ,First,#,c:/windows/temp/mapdmp2_mapdx_Oct_29_2012_00_08_20_6160.sde/MAPDX.DX_RDSEG_OPERATIONAL,STATUS,-1,-1;MUNIC "MUNIC" true true false 25 Text 0 0 ,First,#,c:/windows/temp/mapdmp2_mapdx_Oct_29_2012_00_08_20_6160.sde/MAPDX.DX_RDSEG_OPERATIONAL,MUNIC,-1,-1;MUNIC_ABBR "MUNIC_ABBR" true true false 3 Text 0 0 ,First,#,c:/windows/temp/mapdmp2_mapdx_Oct_29_2012_00_08_20_6160.sde/MAPDX.DX_RDSEG_OPERATIONAL,MUNIC_ABBR,-1,-1;NUMBER_OF_LANES "NUMBER_OF_LANES" true true false 2 Short 0 1 ,First,#,c:/windows/temp/mapdmp2_mapdx_Oct_29_2012_00_08_20_6160.sde/MAPDX.DX_RDSEG_OPERATIONAL,NUMBER_OF_LANES,-1,-1;FLOW "FLOW" true true false 17 Text 0 0 ,First,#,c:/windows/temp/mapdmp2_mapdx_Oct_29_2012_00_08_20_6160.sde/MAPDX.DX_RDSEG_OPERATIONAL,FLOW,-1,-1;RD_CLASS "RD_CLASS" true true false 20 Text 0 0 ,First,#,c:/windows/temp/mapdmp2_mapdx_Oct_29_2012_00_08_20_6160.sde/MAPDX.DX_RDSEG_OPERATIONAL,RD_CLASS,-1,-1;FROM_NODE_ID "FROM_NODE_ID" true true false 8 Text 0 0 ,First,#,c:/windows/temp/mapdmp2_mapdx_Oct_29_2012_00_08_20_6160.sde/MAPDX.DX_RDSEG_OPERATIONAL,FROM_NODE_ID,-1,-1;TO_NODE_ID "TO_NODE_ID" true true false 8 Text 0 0 ,First,#,c:/windows/temp/mapdmp2_mapdx_Oct_29_2012_00_08_20_6160.sde/MAPDX.DX_RDSEG_OPERATIONAL,TO_NODE_ID,-1,-1;RD_LENGTH "RD_LENGTH" true false false 8 Double 8 38 ,First,#,c:/windows/temp/mapdmp2_mapdx_Oct_29_2012_00_08_20_6160.sde/MAPDX.DX_RDSEG_OPERATIONAL,RD_LENGTH,-1,-1;SE_ANNO_CAD_DATA "SE_ANNO_CAD_DATA" true true false 0 Blob 0 0 ,First,#,c:/windows/temp/mapdmp2_mapdx_Oct_29_2012_00_08_20_6160.sde/MAPDX.DX_RDSEG_OPERATIONAL,SE_ANNO_CAD_DATA,-1,-1;SHAPE_LEN "SHAPE_LEN" false false true 0 Double 0 0 ,First,#,c:/windows/temp/mapdmp2_mapdx_Oct_29_2012_00_08_20_6160.sde/MAPDX.DX_RDSEG_OPERATIONAL,SHAPE.LEN,-1,-1" SDO_GEOMETRY</Process><Process ToolSource="D:\Program Files (x86)\ArcGIS\Desktop10.0\ArcToolbox\Toolboxes\Data Management Tools.tbx\ChangePrivileges" Date="20121029" Time="000916">ChangePrivileges c:/windows/temp/egisvp1_gisadm_Oct_29_2012_00_08_24_6160.sde\DX_RDSEG_OPERATIONAL egis_view GRANT #</Process><Process ToolSource="c:\program files\arcgis\desktop10.0\ArcToolbox\Toolboxes\Conversion Tools.tbx\FeatureClassToFeatureClass" Date="20121121" Time="110858">FeatureClassToFeatureClass "Database Connections\Datamart 2.0 Production.sde\GISADM.DX_RDSEG_OPERATIONAL" C:\OpenData\Roads\September2012\ShapeFiles Roadways.shp # "FEAT_CODE "FEAT_CODE" true false false 12 Text 0 0 ,First,#,Database Connections\Datamart 2.0 Production.sde\GISADM.DX_RDSEG_OPERATIONAL,FEAT_CODE,-1,-1;RT_SEGMENT "RT_SEGMENT_ID" true false false 8 Text 0 0 ,First,#,Database Connections\Datamart 2.0 Production.sde\GISADM.DX_RDSEG_OPERATIONAL,RT_SEGMENT_ID,-1,-1;RT_TRANSP_ "RT_TRANSP_SEGMENT_ID" true true false 8 Text 0 0 ,First,#,Database Connections\Datamart 2.0 Production.sde\GISADM.DX_RDSEG_OPERATIONAL,RT_TRANSP_SEGMENT_ID,-1,-1;RT_ROAD_NA "RT_ROAD_NAME_ID" true true false 8 Text 0 0 ,First,#,Database Connections\Datamart 2.0 Production.sde\GISADM.DX_RDSEG_OPERATIONAL,RT_ROAD_NAME_ID,-1,-1;RD_NAME "RD_NAME" true true false 25 Text 0 0 ,First,#,Database Connections\Datamart 2.0 Production.sde\GISADM.DX_RDSEG_OPERATIONAL,RD_NAME,-1,-1;RD_SUFFIX "RD_SUFFIX" true true false 5 Text 0 0 ,First,#,Database Connections\Datamart 2.0 Production.sde\GISADM.DX_RDSEG_OPERATIONAL,RD_SUFFIX,-1,-1;RD_DIRECTI "RD_DIRECTION" true true false 2 Text 0 0 ,First,#,Database Connections\Datamart 2.0 Production.sde\GISADM.DX_RDSEG_OPERATIONAL,RD_DIRECTION,-1,-1;ROAD_NAME_ "ROAD_NAME_FULL" true true false 34 Text 0 0 ,First,#,Database Connections\Datamart 2.0 Production.sde\GISADM.DX_RDSEG_OPERATIONAL,ROAD_NAME_FULL,-1,-1;FROM_ST_NA "FROM_ST_NAME" true true false 50 Text 0 0 ,First,#,Database Connections\Datamart 2.0 Production.sde\GISADM.DX_RDSEG_OPERATIONAL,FROM_ST_NAME,-1,-1;FROM_NODE_ "FROM_NODE_NO" true true false 10 Text 0 0 ,First,#,Database Connections\Datamart 2.0 Production.sde\GISADM.DX_RDSEG_OPERATIONAL,FROM_NODE_NO,-1,-1;FROM_SEG_N "FROM_SEG_NO" true true false 10 Text 0 0 ,First,#,Database Connections\Datamart 2.0 Production.sde\GISADM.DX_RDSEG_OPERATIONAL,FROM_SEG_NO,-1,-1;FROM_ST_ID "FROM_ST_ID" true true false 10 Text 0 0 ,First,#,Database Connections\Datamart 2.0 Production.sde\GISADM.DX_RDSEG_OPERATIONAL,FROM_ST_ID,-1,-1;TO_ST_NAME "TO_ST_NAME" true true false 50 Text 0 0 ,First,#,Database Connections\Datamart 2.0 Production.sde\GISADM.DX_RDSEG_OPERATIONAL,TO_ST_NAME,-1,-1;TO_NODE_NO "TO_NODE_NO" true true false 10 Text 0 0 ,First,#,Database Connections\Datamart 2.0 Production.sde\GISADM.DX_RDSEG_OPERATIONAL,TO_NODE_NO,-1,-1;TO_SEG_NO "TO_SEG_NO" true true false 10 Text 0 0 ,First,#,Database Connections\Datamart 2.0 Production.sde\GISADM.DX_RDSEG_OPERATIONAL,TO_SEG_NO,-1,-1;TO_ST_ID "TO_ST_ID" true true false 10 Text 0 0 ,First,#,Database Connections\Datamart 2.0 Production.sde\GISADM.DX_RDSEG_OPERATIONAL,TO_ST_ID,-1,-1;LEFT_FROM "LEFT_FROM" true true false 5 Text 0 0 ,First,#,Database Connections\Datamart 2.0 Production.sde\GISADM.DX_RDSEG_OPERATIONAL,LEFT_FROM,-1,-1;LEFT_TO "LEFT_TO" true true false 5 Text 0 0 ,First,#,Database Connections\Datamart 2.0 Production.sde\GISADM.DX_RDSEG_OPERATIONAL,LEFT_TO,-1,-1;RIGHT_FROM "RIGHT_FROM" true true false 5 Text 0 0 ,First,#,Database Connections\Datamart 2.0 Production.sde\GISADM.DX_RDSEG_OPERATIONAL,RIGHT_FROM,-1,-1;RIGHT_TO "RIGHT_TO" true true false 5 Text 0 0 ,First,#,Database Connections\Datamart 2.0 Production.sde\GISADM.DX_RDSEG_OPERATIONAL,RIGHT_TO,-1,-1;OWNERSHIP "OWNERSHIP" true true false 20 Text 0 0 ,First,#,Database Connections\Datamart 2.0 Production.sde\GISADM.DX_RDSEG_OPERATIONAL,OWNERSHIP,-1,-1;STATUS "STATUS" true true false 20 Text 0 0 ,First,#,Database Connections\Datamart 2.0 Production.sde\GISADM.DX_RDSEG_OPERATIONAL,STATUS,-1,-1;MUNIC "MUNIC" true true false 25 Text 0 0 ,First,#,Database Connections\Datamart 2.0 Production.sde\GISADM.DX_RDSEG_OPERATIONAL,MUNIC,-1,-1;MUNIC_ABBR "MUNIC_ABBR" true true false 3 Text 0 0 ,First,#,Database Connections\Datamart 2.0 Production.sde\GISADM.DX_RDSEG_OPERATIONAL,MUNIC_ABBR,-1,-1;NUMBER_OF_ "NUMBER_OF_LANES" true true false 2 Short 0 1 ,First,#,Database Connections\Datamart 2.0 Production.sde\GISADM.DX_RDSEG_OPERATIONAL,NUMBER_OF_LANES,-1,-1;FLOW "FLOW" true true false 17 Text 0 0 ,First,#,Database Connections\Datamart 2.0 Production.sde\GISADM.DX_RDSEG_OPERATIONAL,FLOW,-1,-1;RD_CLASS "RD_CLASS" true true false 20 Text 0 0 ,First,#,Database Connections\Datamart 2.0 Production.sde\GISADM.DX_RDSEG_OPERATIONAL,RD_CLASS,-1,-1;FROM_NODE1 "FROM_NODE_ID" true true false 8 Text 0 0 ,First,#,Database Connections\Datamart 2.0 Production.sde\GISADM.DX_RDSEG_OPERATIONAL,FROM_NODE_ID,-1,-1;TO_NODE_ID "TO_NODE_ID" true true false 8 Text 0 0 ,First,#,Database Connections\Datamart 2.0 Production.sde\GISADM.DX_RDSEG_OPERATIONAL,TO_NODE_ID,-1,-1;RD_LENGTH "RD_LENGTH" true false false 8 Double 8 38 ,First,#,Database Connections\Datamart 2.0 Production.sde\GISADM.DX_RDSEG_OPERATIONAL,RD_LENGTH,-1,-1;SHAPE_LEN "SHAPE.LEN" false false true 0 Double 0 0 ,First,#,Database Connections\Datamart 2.0 Production.sde\GISADM.DX_RDSEG_OPERATIONAL,SHAPE.LEN,-1,-1" #</Process><Process ToolSource="c:\program files\arcgis\desktop10.0\ArcToolbox\Toolboxes\Data Management Tools.tbx\DeleteField" Date="20121121" Time="111157">DeleteField C:\OpenData\Roads\September2012\ShapeFiles\Roadways.shp FEAT_CODE;RT_SEGMENT;RT_TRANSP_;RT_ROAD_NA;ROAD_NAME_;FROM_ST_NA;FROM_NODE_;FROM_SEG_N;FROM_ST_ID;TO_ST_NAME;TO_NODE_NO;TO_SEG_NO;TO_ST_ID;OWNERSHIP;STATUS;MUNIC;MUNIC_ABBR;NUMBER_OF_;FLOW;RD_CLASS;FROM_NODE1;TO_NODE_ID;RD_LENGTH;SHAPE_LEN</Process></lineage></DataProperties><SyncDate>20121121</SyncDate><SyncTime>11084500</SyncTime><ModDate>20121121</ModDate><ModTime>11084500</ModTime></Esri><dataIdInfo><envirDesc Sync="TRUE">Microsoft Windows XP Version 5.1 (Build 2600) Service Pack 3; ESRI ArcGIS 10.0.3.3600</envirDesc><dataLang><languageCode value="en" Sync="TRUE"></languageCode><countryCode value="CA" Sync="TRUE"></countryCode></dataLang><idCitation><resTitle Sync="TRUE">Roadways</resTitle><presForm><PresFormCd value="005" Sync="TRUE"></PresFormCd></presForm></idCitation><spatRpType><SpatRepTypCd value="001" Sync="TRUE"></SpatRepTypCd></spatRpType></dataIdInfo><mdLang><languageCode value="en" Sync="TRUE"></languageCode><countryCode value="CA" Sync="TRUE"></countryCode></mdLang><distInfo><distFormat><formatName Sync="TRUE">Shapefile</formatName></distFormat><distTranOps><transSize Sync="TRUE">0.000</transSize></distTranOps></distInfo><mdHrLv><ScopeCd value="005" Sync="TRUE"></ScopeCd></mdHrLv><mdHrLvName Sync="TRUE">dataset</mdHrLvName><refSysInfo><RefSystem><refSysID><identCode code="0" Sync="TRUE" value="0"></identCode></refSysID></RefSystem></refSysInfo><spatRepInfo><VectSpatRep><geometObjs Name="Roadways"><geoObjTyp><GeoObjTypCd value="002" Sync="TRUE"></GeoObjTypCd></geoObjTyp><geoObjCnt Sync="TRUE">0</geoObjCnt></geometObjs><topLvl><TopoLevCd value="001" Sync="TRUE"></TopoLevCd></topLvl></VectSpatRep></spatRepInfo><spdoinfo><ptvctinf><esriterm><efeatyp Sync="TRUE">Simple</efeatyp><efeageom code="3" Sync="TRUE"></efeageom><esritopo Sync="TRUE">FALSE</esritopo><efeacnt Sync="TRUE">0</efeacnt><spindex Sync="TRUE">FALSE</spindex><linrefer Sync="TRUE">TRUE</linrefer></esriterm></ptvctinf></spdoinfo><eainfo><detailed Name="Roadways"><enttyp><enttypl Sync="TRUE">Roadways</enttypl><enttypt Sync="TRUE">Feature Class</enttypt><enttypc Sync="TRUE">0</enttypc></enttyp><attr><attrlabl Sync="TRUE">FID</attrlabl><attalias Sync="TRUE">FID</attalias><attrtype Sync="TRUE">OID</attrtype><attwidth Sync="TRUE">4</attwidth><atprecis Sync="TRUE">0</atprecis><attscale Sync="TRUE">0</attscale><attrdef Sync="TRUE">Internal feature number.</attrdef><attrdefs Sync="TRUE">ESRI</attrdefs><attrdomv><udom Sync="TRUE">Sequential unique whole numbers that are automatically generated.</udom></attrdomv></attr><attr><attrlabl Sync="TRUE">FEAT_CODE</attrlabl><attalias Sync="TRUE">FEAT_CODE</attalias><attrtype Sync="TRUE">String</attrtype><attwidth Sync="TRUE">12</attwidth><atprecis Sync="TRUE">0</atprecis><attscale Sync="TRUE">0</attscale></attr><attr><attrlabl Sync="TRUE">RD_NAME</attrlabl><attalias Sync="TRUE">RD_NAME</attalias><attrtype Sync="TRUE">String</attrtype><attwidth Sync="TRUE">25</attwidth><atprecis Sync="TRUE">0</atprecis><attscale Sync="TRUE">0</attscale></attr><attr><attrlabl Sync="TRUE">RT_SEGMENT</attrlabl><attalias Sync="TRUE">RT_SEGMENT</attalias><attrtype Sync="TRUE">String</attrtype><attwidth Sync="TRUE">8</attwidth><atprecis Sync="TRUE">0</atprecis><attscale Sync="TRUE">0</attscale></attr><attr><attrlabl Sync="TRUE">RT_TRANSP_</attrlabl><attalias Sync="TRUE">RT_TRANSP_</attalias><attrtype Sync="TRUE">String</attrtype><attwidth Sync="TRUE">8</attwidth><atprecis Sync="TRUE">0</atprecis><attscale Sync="TRUE">0</attscale></attr><attr><attrlabl Sync="TRUE">RT_ROAD_NA</attrlabl><attalias Sync="TRUE">RT_ROAD_NA</attalias><attrtype Sync="TRUE">String</attrtype><attwidth Sync="TRUE">8</attwidth><atprecis Sync="TRUE">0</atprecis><attscale Sync="TRUE">0</attscale></attr><attr><attrlabl Sync="TRUE">RD_SUFFIX</attrlabl><attalias Sync="TRUE">RD_SUFFIX</attalias><attrtype Sync="TRUE">String</attrtype><attwidth Sync="TRUE">5</attwidth><atprecis Sync="TRUE">0</atprecis><attscale Sync="TRUE">0</attscale></attr><attr><attrlabl Sync="TRUE">FROM_ST_ID</attrlabl><attalias Sync="TRUE">FROM_ST_ID</attalias><attrtype Sync="TRUE">String</attrtype><attwidth Sync="TRUE">10</attwidth><atprecis Sync="TRUE">0</atprecis><attscale Sync="TRUE">0</attscale></attr><attr><attrlabl Sync="TRUE">RD_DIRECTI</attrlabl><attalias Sync="TRUE">RD_DIRECTI</attalias><attrtype Sync="TRUE">String</attrtype><attwidth Sync="TRUE">2</attwidth><atprecis Sync="TRUE">0</atprecis><attscale Sync="TRUE">0</attscale></attr><attr><attrlabl Sync="TRUE">ROAD_NAME_</attrlabl><attalias Sync="TRUE">ROAD_NAME_</attalias><attrtype Sync="TRUE">String</attrtype><attwidth Sync="TRUE">34</attwidth><atprecis Sync="TRUE">0</atprecis><attscale Sync="TRUE">0</attscale></attr><attr><attrlabl Sync="TRUE">FROM_ST_NA</attrlabl><attalias Sync="TRUE">FROM_ST_NA</attalias><attrtype Sync="TRUE">String</attrtype><attwidth Sync="TRUE">50</attwidth><atprecis Sync="TRUE">0</atprecis><attscale Sync="TRUE">0</attscale></attr><attr><attrlabl Sync="TRUE">FROM_NODE_</attrlabl><attalias Sync="TRUE">FROM_NODE_</attalias><attrtype Sync="TRUE">String</attrtype><attwidth Sync="TRUE">10</attwidth><atprecis Sync="TRUE">0</atprecis><attscale Sync="TRUE">0</attscale></attr><attr><attrlabl Sync="TRUE">FROM_SEG_N</attrlabl><attalias Sync="TRUE">FROM_SEG_N</attalias><attrtype Sync="TRUE">String</attrtype><attwidth Sync="TRUE">10</attwidth><atprecis Sync="TRUE">0</atprecis><attscale Sync="TRUE">0</attscale></attr><attr><attrlabl Sync="TRUE">TO_ST_NAME</attrlabl><attalias Sync="TRUE">TO_ST_NAME</attalias><attrtype Sync="TRUE">String</attrtype><attwidth Sync="TRUE">50</attwidth><atprecis Sync="TRUE">0</atprecis><attscale Sync="TRUE">0</attscale></attr><attr><attrlabl Sync="TRUE">TO_NODE_NO</attrlabl><attalias Sync="TRUE">TO_NODE_NO</attalias><attrtype Sync="TRUE">String</attrtype><attwidth Sync="TRUE">10</attwidth><atprecis Sync="TRUE">0</atprecis><attscale Sync="TRUE">0</attscale></attr><attr><attrlabl Sync="TRUE">TO_SEG_NO</attrlabl><attalias Sync="TRUE">TO_SEG_NO</attalias><attrtype Sync="TRUE">String</attrtype><attwidth Sync="TRUE">10</attwidth><atprecis Sync="TRUE">0</atprecis><attscale Sync="TRUE">0</attscale></attr><attr><attrlabl Sync="TRUE">TO_ST_ID</attrlabl><attalias Sync="TRUE">TO_ST_ID</attalias><attrtype Sync="TRUE">String</attrtype><attwidth Sync="TRUE">10</attwidth><atprecis Sync="TRUE">0</atprecis><attscale Sync="TRUE">0</attscale></attr><attr><attrlabl Sync="TRUE">LEFT_FROM</attrlabl><attalias Sync="TRUE">LEFT_FROM</attalias><attrtype Sync="TRUE">String</attrtype><attwidth Sync="TRUE">5</attwidth><atprecis Sync="TRUE">0</atprecis><attscale Sync="TRUE">0</attscale></attr><attr><attrlabl Sync="TRUE">LEFT_TO</attrlabl><attalias Sync="TRUE">LEFT_TO</attalias><attrtype Sync="TRUE">String</attrtype><attwidth Sync="TRUE">5</attwidth><atprecis Sync="TRUE">0</atprecis><attscale Sync="TRUE">0</attscale></attr><attr><attrlabl Sync="TRUE">RIGHT_FROM</attrlabl><attalias Sync="TRUE">RIGHT_FROM</attalias><attrtype Sync="TRUE">String</attrtype><attwidth Sync="TRUE">5</attwidth><atprecis Sync="TRUE">0</atprecis><attscale Sync="TRUE">0</attscale></attr><attr><attrlabl Sync="TRUE">RIGHT_TO</attrlabl><attalias Sync="TRUE">RIGHT_TO</attalias><attrtype Sync="TRUE">String</attrtype><attwidth Sync="TRUE">5</attwidth><atprecis Sync="TRUE">0</atprecis><attscale Sync="TRUE">0</attscale></attr><attr><attrlabl Sync="TRUE">OWNERSHIP</attrlabl><attalias Sync="TRUE">OWNERSHIP</attalias><attrtype Sync="TRUE">String</attrtype><attwidth Sync="TRUE">20</attwidth><atprecis Sync="TRUE">0</atprecis><attscale Sync="TRUE">0</attscale></attr><attr><attrlabl Sync="TRUE">STATUS</attrlabl><attalias Sync="TRUE">STATUS</attalias><attrtype Sync="TRUE">String</attrtype><attwidth Sync="TRUE">20</attwidth><atprecis Sync="TRUE">0</atprecis><attscale Sync="TRUE">0</attscale></attr><attr><attrlabl Sync="TRUE">MUNIC</attrlabl><attalias Sync="TRUE">MUNIC</attalias><attrtype Sync="TRUE">String</attrtype><attwidth Sync="TRUE">25</attwidth><atprecis Sync="TRUE">0</atprecis><attscale Sync="TRUE">0</attscale></attr><attr><attrlabl Sync="TRUE">MUNIC_ABBR</attrlabl><attalias Sync="TRUE">MUNIC_ABBR</attalias><attrtype Sync="TRUE">String</attrtype><attwidth Sync="TRUE">3</attwidth><atprecis Sync="TRUE">0</atprecis><attscale Sync="TRUE">0</attscale></attr><attr><attrlabl Sync="TRUE">FLOW</attrlabl><attalias Sync="TRUE">FLOW</attalias><attrtype Sync="TRUE">String</attrtype><attwidth Sync="TRUE">17</attwidth><atprecis Sync="TRUE">0</atprecis><attscale Sync="TRUE">0</attscale></attr><attr><attrlabl Sync="TRUE">NUMBER_OF_</attrlabl><attalias Sync="TRUE">NUMBER_OF_</attalias><attrtype Sync="TRUE">SmallInteger</attrtype><attwidth Sync="TRUE">1</attwidth><atprecis Sync="TRUE">1</atprecis><attscale Sync="TRUE">0</attscale></attr><attr><attrlabl Sync="TRUE">RD_CLASS</attrlabl><attalias Sync="TRUE">RD_CLASS</attalias><attrtype Sync="TRUE">String</attrtype><attwidth Sync="TRUE">20</attwidth><atprecis Sync="TRUE">0</atprecis><attscale Sync="TRUE">0</attscale></attr><attr><attrlabl Sync="TRUE">TO_NODE_ID</attrlabl><attalias Sync="TRUE">TO_NODE_ID</attalias><attrtype Sync="TRUE">String</attrtype><attwidth Sync="TRUE">8</attwidth><atprecis Sync="TRUE">0</atprecis><attscale Sync="TRUE">0</attscale></attr><attr><attrlabl Sync="TRUE">FROM_NODE1</attrlabl><attalias Sync="TRUE">FROM_NODE1</attalias><attrtype Sync="TRUE">String</attrtype><attwidth Sync="TRUE">8</attwidth><atprecis Sync="TRUE">0</atprecis><attscale Sync="TRUE">0</attscale></attr><attr><attrlabl Sync="TRUE">RD_LENGTH</attrlabl><attalias Sync="TRUE">RD_LENGTH</attalias><attrtype Sync="TRUE">Double</attrtype><attwidth Sync="TRUE">19</attwidth><atprecis Sync="TRUE">18</atprecis><attscale Sync="TRUE">8</attscale></attr><attr><attrlabl Sync="TRUE">SHAPE</attrlabl><attalias Sync="TRUE">Shape</attalias><attrtype Sync="TRUE">Geometry</attrtype><attwidth Sync="TRUE">0</attwidth><atprecis Sync="TRUE">0</atprecis><attscale Sync="TRUE">0</attscale><attrdef Sync="TRUE">Feature geometry.</attrdef><attrdefs Sync="TRUE">ESRI</attrdefs><attrdomv><udom Sync="TRUE">Coordinates defining the features.</udom></attrdomv></attr><attr><attrlabl Sync="TRUE">SHAPE_LEN</attrlabl><attalias Sync="TRUE">SHAPE_LEN</attalias><attrtype Sync="TRUE">Double</attrtype><attwidth Sync="TRUE">19</attwidth><atprecis Sync="TRUE">0</atprecis><attscale Sync="TRUE">0</attscale></attr></detailed></eainfo><mdDateSt Sync="TRUE">20121121</mdDateSt></metadata>
