<?xml version="1.0" encoding="UTF-8"?>
<metadata xml:lang="en"><Esri><CreaDate>20131122</CreaDate><CreaTime>11500500</CreaTime><ArcGISFormat>1.0</ArcGISFormat><SyncOnce>TRUE</SyncOnce><DataProperties><lineage><Process ToolSource="c:\program files (x86)\arcgis\desktop10.1\ArcToolbox\Toolboxes\Data Management Tools.tbx\CreateFeatureclass" Date="20131122" Time="111427">CreateFeatureclass d:/temp/roads.gdb roads POLYLINE # DISABLED DISABLED "PROJCS['City of Ottawa',GEOGCS['GCS_North_American_1983',DATUM['D_North_American_1983',SPHEROID['GRS_1980',6378137.0,298.257222101]],PRIMEM['Greenwich',0.0],UNIT['Degree',0.0174532925199433]],PROJECTION['Transverse_Mercator'],PARAMETER['False_Easting',304800.0],PARAMETER['False_Northing',0.0],PARAMETER['Central_Meridian',-76.5],PARAMETER['Scale_Factor',0.9999],PARAMETER['Latitude_Of_Origin',0.0],UNIT['Meter',1.0]];-5317800 -10001100 10000;-100000 10000;-100000 10000;0.001;0.001;0.001;IsHighPrecision" # 0 0 0</Process><Process ToolSource="c:\program files (x86)\arcgis\desktop10.1\ArcToolbox\Toolboxes\Data Management Tools.tbx\AddField" Date="20131122" Time="111428">AddField roads classification SHORT # # # # NULLABLE NON_REQUIRED #</Process><Process ToolSource="c:\program files (x86)\arcgis\desktop10.1\ArcToolbox\Toolboxes\Data Management Tools.tbx\AddField" Date="20131122" Time="111428">AddField roads class TEXT # # 20 # NULLABLE NON_REQUIRED #</Process><Process ToolSource="c:\program files (x86)\arcgis\desktop10.1\ArcToolbox\Toolboxes\Data Management Tools.tbx\AddField" Date="20131122" Time="111428">AddField roads subclassification TEXT # # 20 # NULLABLE NON_REQUIRED #</Process><Process ToolSource="c:\program files (x86)\arcgis\desktop10.1\ArcToolbox\Toolboxes\Data Management Tools.tbx\AddField" Date="20131122" Time="111428">AddField roads road_ownership TEXT # # 10 # NULLABLE NON_REQUIRED #</Process><Process ToolSource="c:\program files (x86)\arcgis\desktop10.1\ArcToolbox\Toolboxes\Data Management Tools.tbx\AddField" Date="20131122" Time="111428">AddField roads flow_direction TEXT # # 2 # NULLABLE NON_REQUIRED #</Process><Process ToolSource="c:\program files (x86)\arcgis\desktop10.1\ArcToolbox\Toolboxes\Data Management Tools.tbx\AddField" Date="20131122" Time="111428">AddField roads grade_separated TEXT # # 5 # NULLABLE NON_REQUIRED #</Process><Process ToolSource="c:\program files (x86)\arcgis\desktop10.1\ArcToolbox\Toolboxes\Data Management Tools.tbx\AddField" Date="20131122" Time="111428">AddField roads status TEXT # # 12 # NULLABLE NON_REQUIRED #</Process><Process ToolSource="c:\program files (x86)\arcgis\desktop10.1\ArcToolbox\Toolboxes\Data Management Tools.tbx\AddField" Date="20131122" Time="111428">AddField roads full_road_name TEXT # # 40 # NULLABLE NON_REQUIRED #</Process><Process ToolSource="c:\program files (x86)\arcgis\desktop10.1\ArcToolbox\Toolboxes\Data Management Tools.tbx\AddField" Date="20131122" Time="111428">AddField roads road_name TEXT # # 25 # NULLABLE NON_REQUIRED #</Process><Process ToolSource="c:\program files (x86)\arcgis\desktop10.1\ArcToolbox\Toolboxes\Data Management Tools.tbx\AddField" Date="20131122" Time="111428">AddField roads road_type TEXT # # 5 # NULLABLE NON_REQUIRED #</Process><Process ToolSource="c:\program files (x86)\arcgis\desktop10.1\ArcToolbox\Toolboxes\Data Management Tools.tbx\AddField" Date="20131122" Time="111428">AddField roads road_direction TEXT # # 2 # NULLABLE NON_REQUIRED #</Process><Process ToolSource="c:\program files (x86)\arcgis\desktop10.1\ArcToolbox\Toolboxes\Data Management Tools.tbx\AddField" Date="20131122" Time="111428">AddField roads municipality TEXT # # 30 # NULLABLE NON_REQUIRED #</Process><Process ToolSource="c:\program files (x86)\arcgis\desktop10.1\ArcToolbox\Toolboxes\Data Management Tools.tbx\AddField" Date="20131122" Time="111428">AddField roads address_left_from TEXT # # 5 # NULLABLE NON_REQUIRED #</Process><Process ToolSource="c:\program files (x86)\arcgis\desktop10.1\ArcToolbox\Toolboxes\Data Management Tools.tbx\AddField" Date="20131122" Time="111428">AddField roads address_left_to TEXT # # 5 # NULLABLE NON_REQUIRED #</Process><Process ToolSource="c:\program files (x86)\arcgis\desktop10.1\ArcToolbox\Toolboxes\Data Management Tools.tbx\AddField" Date="20131122" Time="111429">AddField roads addesss_right_from TEXT # # 5 # NULLABLE NON_REQUIRED #</Process><Process ToolSource="c:\program files (x86)\arcgis\desktop10.1\ArcToolbox\Toolboxes\Data Management Tools.tbx\AddField" Date="20131122" Time="111429">AddField roads address_right_to TEXT # # 5 # NULLABLE NON_REQUIRED #</Process><Process ToolSource="c:\program files (x86)\arcgis\desktop10.1\ArcToolbox\Toolboxes\Data Management Tools.tbx\AddField" Date="20131122" Time="111429">AddField roads road_name_french TEXT # # 40 # NULLABLE NON_REQUIRED #</Process><Process ToolSource="c:\program files (x86)\arcgis\desktop10.1\ArcToolbox\Toolboxes\Data Management Tools.tbx\Append" Date="20131122" Time="111440">Append roads_I roads NO_TEST "Shape_Length "Shape_Length" false true true 8 Double 0 0 ,First,#,d:/temp/roads_I.gdb/roads_I,SHAPE_Length,-1,-1;classification "classification" true true false 2 Short 0 0 ,First,#,d:/temp/roads_I.gdb/roads_I,roadways_SUBTYPE,-1,-1;subclassification "subclassification" true true false 20 Text 0 0 ,First,#,d:/temp/roads_I.gdb/roads_I,roadways_SUBCLASS,-1,-1;road_ownership "road_ownership" true true false 10 Text 0 0 ,First,#,d:/temp/roads_I.gdb/roads_I,roadways_OWNERSHIP,-1,-1;flow_direction "flow_direction" true true false 2 Text 0 0 ,First,#,d:/temp/roads_I.gdb/roads_I,roadways_FLOW,-1,-1;grade_separated "grade_separated" true true false 5 Text 0 0 ,First,#,d:/temp/roads_I.gdb/roads_I,roadways_GRADE_SEPARATED,-1,-1;status "status" true true false 12 Text 0 0 ,First,#,d:/temp/roads_I.gdb/roads_I,segment_status_CURRENT_STATUS,-1,-1;full_road_name "full_road_name" true true false 40 Text 0 0 ,First,#,d:/temp/roads_I.gdb/roads_I,segment_address_ROAD_NAME_FULL,-1,-1;road_name "road_name" true true false 25 Text 0 0 ,First,#,d:/temp/roads_I.gdb/roads_I,segment_address_ROAD_NAME,-1,-1;road_type "road_type" true true false 5 Text 0 0 ,First,#,d:/temp/roads_I.gdb/roads_I,segment_address_ROAD_TYPE,-1,-1;road_direction "road_direction" true true false 2 Text 0 0 ,First,#,d:/temp/roads_I.gdb/roads_I,segment_address_DIRECTION,-1,-1;municipality "municipality" true true false 30 Text 0 0 ,First,#,d:/temp/roads_I.gdb/roads_I,segment_address_MUNICIPALITY,-1,-1;address_left_from "address_left_from" true true false 5 Text 0 0 ,First,#,d:/temp/roads_I.gdb/roads_I,segment_address_LEFT_FROM,-1,-1;address_left_to "address_left_to" true true false 5 Text 0 0 ,First,#,d:/temp/roads_I.gdb/roads_I,segment_address_LEFT_TO,-1,-1;addesss_right_from "addesss_right_from" true true false 5 Text 0 0 ,First,#,d:/temp/roads_I.gdb/roads_I,segment_address_RIGHT_FROM,-1,-1;address_right_to "address_right_to" true true false 5 Text 0 0 ,First,#,d:/temp/roads_I.gdb/roads_I,segment_address_RIGHT_TO,-1,-1;road_name_french "road_name_french" true true false 40 Text 0 0 ,First,#,d:/temp/roads_I.gdb/roads_I,road_name_tbl_FULLNAME_FR,-1,-1" #</Process><Process ToolSource="c:\program files (x86)\arcgis\desktop10.1\ArcToolbox\Toolboxes\Data Management Tools.tbx\DeleteFeatures" Date="20131122" Time="111442">DeleteFeatures roads</Process><Process ToolSource="c:\program files (x86)\arcgis\desktop10.1\ArcToolbox\Toolboxes\Data Management Tools.tbx\CalculateField" Date="20131122" Time="112026">CalculateField roads class "freeway" PYTHON_9.3 #</Process><Process ToolSource="c:\program files (x86)\arcgis\desktop10.1\ArcToolbox\Toolboxes\Data Management Tools.tbx\CalculateField" Date="20131122" Time="112037">CalculateField roads class "arterial" PYTHON_9.3 #</Process><Process ToolSource="c:\program files (x86)\arcgis\desktop10.1\ArcToolbox\Toolboxes\Data Management Tools.tbx\CalculateField" Date="20131122" Time="112047">CalculateField roads class "major_collector" PYTHON_9.3 #</Process><Process ToolSource="c:\program files (x86)\arcgis\desktop10.1\ArcToolbox\Toolboxes\Data Management Tools.tbx\CalculateField" Date="20131122" Time="112058">CalculateField roads class "collector" PYTHON_9.3 #</Process><Process ToolSource="c:\program files (x86)\arcgis\desktop10.1\ArcToolbox\Toolboxes\Data Management Tools.tbx\CalculateField" Date="20131122" Time="112114">CalculateField roads class "local" PYTHON_9.3 #</Process><Process ToolSource="c:\program files (x86)\arcgis\desktop10.1\ArcToolbox\Toolboxes\Data Management Tools.tbx\CalculateField" Date="20131122" Time="112124">CalculateField roads class "transitway" PYTHON_9.3 #</Process><Process ToolSource="c:\program files (x86)\arcgis\desktop10.1\ArcToolbox\Toolboxes\Data Management Tools.tbx\CalculateField" Date="20131122" Time="112134">CalculateField roads class "private" PYTHON_9.3 #</Process><Process ToolSource="c:\program files (x86)\arcgis\desktop10.1\ArcToolbox\Toolboxes\Data Management Tools.tbx\CalculateField" Date="20131122" Time="112144">CalculateField roads class "federal" PYTHON_9.3 #</Process><Process ToolSource="c:\program files (x86)\arcgis\desktop10.1\ArcToolbox\Toolboxes\Data Management Tools.tbx\CalculateField" Date="20131122" Time="112154">CalculateField roads class "provincial" PYTHON_9.3 #</Process></lineage></DataProperties></Esri></metadata>
